,game_id,type,result,white_player,black_player,white_elo,black_elo,time_control,num_ply,termination,white_won,black_won,no_winner,move_ply,move,cp,cp_rel,cp_loss,is_blunder_cp,winrate,winrate_elo,winrate_loss,is_blunder_wr,opp_winrate,white_active,active_elo,opponent_elo,active_won,is_capture,clock,opp_clock,clock_percent,opp_clock_percent,low_time,board,active_bishop_count,active_knight_count,active_pawn_count,active_queen_count,active_rook_count,is_check,num_legal_moves,opp_bishop_count,opp_knight_count,opp_pawn_count,opp_queen_count,opp_rook_count,n_pieces
0,WagNiFfQ,Blitz,1/2-1/2,batyko,ahli_blunder,1826,1826,300+0,107,Time forfeit,False,False,True,62,c2c3,-11.69,-11.69,16.84,True,,,,False,,True,1826,1826,False,False,234,44,0.22,0.853,False,8/1B3pk1/p7/2p2KP1/P4P2/3Pb3/2P2r1p/8 w - - 2 32,1,0,5,0,0,0,17,1,0,4,0,1,14
1,WagNiFfQ,Blitz,1/2-1/2,batyko,ahli_blunder,1826,1826,300+0,107,Time forfeit,False,False,True,66,b7d5,-21.82,-21.82,2.39,True,,,,False,,True,1826,1826,False,False,225,33,0.25,0.89,False,8/1B3pk1/p7/2p1K1P1/r7/2PPb3/7p/8 w - - 0 34,1,0,3,0,0,0,15,1,0,4,0,1,12
2,WagNiFfQ,Blitz,1/2-1/2,batyko,ahli_blunder,1826,1826,300+0,107,Time forfeit,False,False,True,67,e3g5,-24.21,24.21,2.36,True,,,,False,,False,1826,1826,False,True,31,225,0.897,0.25,False,8/5pk1/p7/2pBK1P1/r7/2PPb3/7p/8 b - - 1 34,2,0,4,0,1,0,31,1,0,3,0,0,12
3,WagNiFfQ,Blitz,1/2-1/2,batyko,ahli_blunder,1826,1826,300+0,107,Time forfeit,False,False,True,68,c3c4,-21.85,-21.85,inf,True,,,,False,,True,1826,1826,False,False,224,31,0.253,0.897,False,8/5pk1/p7/2pBK1b1/r7/2PP4/7p/8 w - - 0 35,1,0,2,0,0,0,16,1,0,4,0,1,11
4,WagNiFfQ,Blitz,1/2-1/2,batyko,ahli_blunder,1826,1826,300+0,107,Time forfeit,False,False,True,79,e1e5,None,inf,inf,True,,,,False,,False,1826,1826,False,False,23,214,0.923,0.287,True,8/5p2/p1K2k2/2pB4/2P5/3P4/7p/4r1b1 b - - 10 40,2,0,4,0,1,0,26,1,0,2,0,0,11
5,WagNiFfQ,Blitz,1/2-1/2,batyko,ahli_blunder,1826,1826,300+0,107,Time forfeit,False,False,True,80,c6b6,-71.17,-71.17,inf,True,,,,False,,True,1826,1826,False,False,210,23,0.3,0.923,False,8/5p2/p1K2k2/2pBr3/2P5/3P4/7p/6b1 w - - 11 41,1,0,2,0,0,0,12,1,0,4,0,1,11
6,KaYO7aYi,Blitz,1-0,Roskis,Efsungger,1095,919,180+2,75,Time forfeit,True,False,False,69,d5d4,0.0,-0.0,5.4,True,0.5606,0.4574,0.2838,True,0.5606,False,919,1095,False,False,3,93,0.988,0.628,True,7r/1R2R2b/2p2k2/3pp2p/5b2/7B/2P2P2/3K4 b - - 0 35,3,0,4,0,1,0,26,1,0,2,0,2,14
7,KaYO7aYi,Blitz,1-0,Roskis,Efsungger,1095,919,180+2,75,Time forfeit,True,False,False,72,f7g7,5.23,5.23,5.23,True,0.7644,0.6126,0.2038,True,0.2843,True,1095,919,True,False,93,2,0.628,0.992,False,7r/1R3R1b/2p5/4p1kp/3p1b2/7B/2P2P2/3K4 w - - 2 37,1,0,2,0,2,0,32,2,0,4,0,1,14
8,y02F9Zen,Blitz,1-0,RomaL1331,SIIPPY,1334,1286,180+2,75,Normal,True,False,False,67,f5f4,9.19,-9.19,49.75,True,0.1789,0.1954,,False,0.8451,False,1286,1334,False,False,14,10,0.944,0.96,True,8/p6p/4k3/4pp2/8/1Pp1K1P1/P1P4P/3R4 b - - 1 34,1,0,5,0,0,0,9,0,0,5,0,1,13
9,y02F9Zen,Blitz,1-0,RomaL1331,SIIPPY,1334,1286,180+2,75,Normal,True,False,False,68,g3f4,58.94,58.94,39.36,True,,,,False,,True,1334,1286,True,True,11,14,0.956,0.944,True,8/p6p/4k3/4p3/5p2/1Pp1K1P1/P1P4P/3R4 w - - 0 35,0,0,5,0,1,1,6,0,0,5,0,0,13
10,y02F9Zen,Blitz,1-0,RomaL1331,SIIPPY,1334,1286,180+2,75,Normal,True,False,False,69,e5f4,19.58,-19.58,51.94,True,,,,False,,False,1286,1334,False,True,14,11,0.944,0.956,True,8/p6p/4k3/4p3/5P2/1Pp1K3/P1P4P/3R4 b - - 0 35,1,0,4,0,0,0,10,0,0,5,0,1,12
11,y02F9Zen,Blitz,1-0,RomaL1331,SIIPPY,1334,1286,180+2,75,Normal,True,False,False,71,e6f6,69.86,-69.86,inf,True,,,,False,,False,1286,1334,False,False,15,13,0.94,0.948,True,8/p6p/4k3/8/5K2/1Pp5/P1P4P/3R4 b - - 0 36,1,0,3,0,0,0,7,0,0,4,0,1,10
12,y02F9Zen,Blitz,1-0,RomaL1331,SIIPPY,1334,1286,180+2,75,Normal,True,False,False,72,d1d3,None,inf,inf,True,,,,False,,True,1334,1286,True,False,14,15,0.944,0.94,True,8/p6p/5k2/8/5K2/1Pp5/P1P4P/3R4 w - - 1 37,0,0,4,0,1,0,24,0,0,3,0,0,10
13,y02F9Zen,Blitz,1-0,RomaL1331,SIIPPY,1334,1286,180+2,75,Normal,True,False,False,73,f6g6,68.4,-68.4,inf,True,,,,False,,False,1286,1334,False,False,15,14,0.94,0.944,True,8/p6p/5k2/8/5K2/1PpR4/P1P4P/8 b - - 2 37,1,0,3,0,0,0,9,0,0,4,0,1,10
14,rMi874dQ,Rapid,1-0,Metal__Mercenary,paulcheno,1726,1713,600+0,89,Normal,True,False,False,85,h3c3,-1.77,1.77,inf,True,0.6643,0.6072,,False,0.4057,False,1713,1726,False,False,413,506,0.312,0.157,False,6k1/p6p/2p3p1/2K1B1P1/1P2PP1P/7r/8/8 b - - 2 43,1,0,4,0,1,0,16,1,0,5,0,0,13
15,soN3if8x,Rapid,0-1,OASIS1989,Sinoptik90,1834,1836,600+0,84,Normal,False,True,False,82,d7f6,-11.03,-11.03,inf,True,,,,False,,True,1834,1836,False,False,85,148,0.858,0.753,False,6k1/p2N3p/2pR2p1/5p2/1P5P/6K1/4p3/2r2b2 w - - 0 42,0,1,2,0,1,0,21,1,0,6,0,1,14
16,wCmJh8bz,Bullet,0-1,Anomolys,gulerale,1479,1486,60+0,84,Time forfeit,False,True,False,60,e8g8,3.69,3.69,7.5,True,0.7182,0.6283,0.3879,True,0.3371,True,1479,1486,False,False,12,22,0.8,0.633,True,4R3/1p2R2p/p4nk1/2pP4/2r5/2P5/P4P2/2K5 w - - 6 31,0,0,4,0,2,0,29,0,1,4,0,1,14
17,wCmJh8bz,Bullet,0-1,Anomolys,gulerale,1479,1486,60+0,84,Time forfeit,False,True,False,61,g6h6,-3.81,3.81,9.79,True,0.7258,0.6354,0.4622,True,0.3302,False,1486,1479,True,False,21,12,0.65,0.8,True,6R1/1p2R2p/p4nk1/2pP4/2r5/2P5/P4P2/2K5 b - - 7 31,1,1,4,0,1,1,4,0,0,4,0,2,14
18,wCmJh8bz,Bullet,0-1,Anomolys,gulerale,1479,1486,60+0,84,Time forfeit,False,True,False,64,c1d1,5.65,5.65,8.29,True,0.7749,0.6937,0.4059,True,0.2717,True,1479,1486,False,False,8,20,0.867,0.667,True,6R1/1p2R2p/p2P1n1k/2p5/8/2r5/P4P2/2K5 w - - 0 33,0,0,3,0,2,1,4,0,1,4,0,1,13
19,wCmJh8bz,Bullet,0-1,Anomolys,gulerale,1479,1486,60+0,84,Time forfeit,False,True,False,65,c3d3,-2.64,2.64,3.52,True,0.6926,0.5979,0.2337,True,0.369,False,1486,1479,True,False,19,8,0.683,0.867,True,6R1/1p2R2p/p2P1n1k/2p5/8/2r5/P4P2/3K4 b - - 1 33,1,1,4,0,1,0,22,0,0,3,0,2,13
20,wCmJh8bz,Bullet,0-1,Anomolys,gulerale,1479,1486,60+0,84,Time forfeit,False,True,False,67,d3d4,0.82,-0.82,10.99,True,0.459,0.3761,,False,0.6154,False,1486,1479,True,False,18,7,0.7,0.883,True,6R1/1p2R2p/p2P1n1k/2p5/8/3r4/P1K2P2/8 b - - 3 34,1,1,4,0,1,0,24,0,0,3,0,2,13
21,wCmJh8bz,Bullet,0-1,Anomolys,gulerale,1479,1486,60+0,84,Time forfeit,False,True,False,68,g8e8,11.81,11.81,14.32,True,,,,False,,True,1479,1486,False,False,7,18,0.883,0.7,True,6R1/1p2R2p/p2P1n1k/2p5/3r4/8/P1K2P2/8 w - - 4 35,0,0,3,0,2,0,37,0,1,4,0,1,13
22,wCmJh8bz,Bullet,0-1,Anomolys,gulerale,1479,1486,60+0,84,Time forfeit,False,True,False,69,d4c4,-2.51,2.51,4.62,True,0.6906,0.5947,0.3022,True,0.3738,False,1486,1479,True,False,17,7,0.717,0.883,True,4R3/1p2R2p/p2P1n1k/2p5/3r4/8/P1K2P2/8 b - - 5 35,1,1,4,0,1,0,26,0,0,3,0,2,13
23,wCmJh8bz,Bullet,0-1,Anomolys,gulerale,1479,1486,60+0,84,Time forfeit,False,True,False,70,c2d3,2.11,2.11,3.35,True,0.6783,0.5815,0.2411,True,0.3883,True,1479,1486,False,False,6,17,0.9,0.717,True,4R3/1p2R2p/p2P1n1k/2p5/2r5/8/P1K2P2/8 w - - 6 36,0,0,3,0,2,1,6,0,1,4,0,1,13
24,wCmJh8bz,Bullet,0-1,Anomolys,gulerale,1479,1486,60+0,84,Time forfeit,False,True,False,71,c4h4,-1.24,1.24,4.27,True,0.6382,0.5436,0.2836,True,0.4372,False,1486,1479,True,False,16,6,0.733,0.9,True,4R3/1p2R2p/p2P1n1k/2p5/2r5/3K4/P4P2/8 b - - 7 36,1,1,4,0,1,0,23,0,0,3,0,2,13
25,wCmJh8bz,Bullet,0-1,Anomolys,gulerale,1479,1486,60+0,84,Time forfeit,False,True,False,73,h4g4,2.67,-2.67,11.83,True,0.369,0.3025,,False,0.6926,False,1486,1479,True,False,14,3,0.767,0.95,True,4R3/1p1PR2p/p4n1k/2p5/7r/3K4/P4P2/8 b - - 0 37,1,1,4,0,1,0,25,0,0,3,0,2,13
26,wCmJh8bz,Bullet,0-1,Anomolys,gulerale,1479,1486,60+0,84,Time forfeit,False,True,False,74,d7d8q,14.5,14.5,3.23,True,,,,False,,True,1479,1486,False,False,3,14,0.95,0.767,True,4R3/1p1PR2p/p4n1k/2p5/6r1/3K4/P4P2/8 w - - 1 38,0,0,3,0,2,0,29,0,1,4,0,1,13
27,wCmJh8bz,Bullet,0-1,Anomolys,gulerale,1479,1486,60+0,84,Time forfeit,False,True,False,75,h6h5,11.27,-11.27,inf,True,,,,False,,False,1486,1479,True,False,14,3,0.767,0.95,True,3QR3/1p2R2p/p4n1k/2p5/6r1/3K4/P4P2/8 b - - 0 38,1,1,4,0,1,0,27,0,0,2,1,2,13
28,wCmJh8bz,Bullet,0-1,Anomolys,gulerale,1479,1486,60+0,84,Time forfeit,False,True,False,78,e8h8,None,inf,inf,True,,,,False,,True,1479,1486,False,False,3,12,0.95,0.8,True,3QR3/1p5R/p4n2/2p3k1/6r1/3K4/P4P2/8 w - - 1 40,0,0,2,1,2,0,44,0,1,3,0,1,12
29,wCmJh8bz,Bullet,0-1,Anomolys,gulerale,1479,1486,60+0,84,Time forfeit,False,True,False,79,g5f4,55.05,-55.05,inf,True,,,,False,,False,1486,1479,True,False,11,3,0.817,0.95,True,3Q3R/1p5R/p4n2/2p3k1/6r1/3K4/P4P2/8 b - - 2 40,1,1,3,0,1,0,17,0,0,2,1,2,12
30,wCmJh8bz,Bullet,0-1,Anomolys,gulerale,1479,1486,60+0,84,Time forfeit,False,True,False,80,d8g8,None,inf,inf,True,,,,False,,True,1479,1486,False,False,3,11,0.95,0.817,True,3Q3R/1p5R/p4n2/2p5/5kr1/3K4/P4P2/8 w - - 3 41,0,0,2,1,2,0,38,0,1,3,0,1,12
31,wCmJh8bz,Bullet,0-1,Anomolys,gulerale,1479,1486,60+0,84,Time forfeit,False,True,False,81,g4g3,3.05,-3.05,inf,True,0.3546,0.2923,,False,0.7048,False,1486,1479,True,False,9,3,0.85,0.95,True,6QR/1p5R/p4n2/2p5/5kr1/3K4/P4P2/8 b - - 4 41,1,1,3,0,1,0,22,0,0,2,1,2,12
32,wCmJh8bz,Bullet,0-1,Anomolys,gulerale,1479,1486,60+0,84,Time forfeit,False,True,False,82,d3e2,None,inf,inf,True,,,,False,,True,1479,1486,False,False,1,9,0.983,0.85,True,6QR/1p5R/p4n2/2p5/5k2/3K2r1/P4P2/8 w - - 5 42,0,0,2,1,2,1,7,0,1,3,0,1,12
33,wCmJh8bz,Bullet,0-1,Anomolys,gulerale,1479,1486,60+0,84,Time forfeit,False,True,False,83,g3e3,3.0,-3.0,inf,True,0.3546,0.2923,,False,0.7048,False,1486,1479,True,False,7,1,0.883,0.983,True,6QR/1p5R/p4n2/2p5/5k2/6r1/P3KP2/8 b - - 6 42,1,1,3,0,1,0,29,0,0,2,1,2,12
34,XgRxjhZx,Blitz,0-1,zilbeee,guayacanero,1354,1350,180+2,86,Time forfeit,False,True,False,82,e2d4,-7.93,-7.93,2.98,True,0.2053,0.1932,,False,0.8246,True,1354,1350,False,False,5,57,0.98,0.772,True,8/5p2/pp4b1/6k1/6p1/8/4NP2/6K1 w - - 0 42,0,1,1,0,0,0,11,1,0,4,0,0,9
35,XgRxjhZx,Blitz,0-1,zilbeee,guayacanero,1354,1350,180+2,86,Time forfeit,False,True,False,84,d4c6,-10.07,-10.07,4.23,True,0.1687,0.1618,,False,0.8518,True,1354,1350,False,False,2,55,0.992,0.78,True,8/5p2/1p4b1/p5k1/3N2p1/8/5P2/6K1 w - - 0 43,0,1,1,0,0,0,14,1,0,4,0,0,9
36,0e8kN5kk,Bullet,1-0,Chebyschev,potsy,1695,1951,60+0,119,Normal,True,False,False,71,c6d7,17.85,-17.85,43.07,True,,,,False,,False,1951,1695,False,True,18,15,0.7,0.75,True,5Q2/p2N1p1p/2k5/1p6/2n1P3/5P2/PP2K1P1/8 b - - 0 36,1,1,4,0,0,0,18,0,1,5,1,0,14
37,0e8kN5kk,Bullet,1-0,Chebyschev,potsy,1695,1951,60+0,119,Normal,True,False,False,72,f8f7,60.92,60.92,34.84,True,,,,False,,True,1695,1951,True,True,15,18,0.75,0.7,True,5Q2/p2k1p1p/8/1p6/2n1P3/5P2/PP2K1P1/8 w - - 0 37,0,0,5,1,0,0,28,0,1,4,0,0,13
38,0e8kN5kk,Bullet,1-0,Chebyschev,potsy,1695,1951,60+0,119,Normal,True,False,False,74,f7a7,22.33,22.33,7.48,True,,,,False,,True,1695,1951,True,True,13,18,0.783,0.7,True,8/p4Q1p/2k5/1p6/2n1P3/5P2/PP2K1P1/8 w - - 1 38,0,0,5,1,0,0,31,0,1,3,0,0,12
39,0e8kN5kk,Bullet,1-0,Chebyschev,potsy,1695,1951,60+0,119,Normal,True,False,False,75,c4e5,14.85,-14.85,45.3,True,,,,False,,False,1951,1695,False,False,17,13,0.717,0.783,True,8/Q6p/2k5/1p6/2n1P3/5P2/PP2K1P1/8 b - - 0 38,1,1,2,0,0,0,12,0,0,5,1,0,11
40,0e8kN5kk,Bullet,1-0,Chebyschev,potsy,1695,1951,60+0,119,Normal,True,False,False,76,a7h7,60.15,60.15,3.41,True,,,,False,,True,1695,1951,True,True,12,17,0.8,0.717,True,8/Q6p/2k5/1p2n3/4P3/5P2/PP2K1P1/8 w - - 1 39,0,0,5,1,0,0,32,0,1,2,0,0,11
41,0e8kN5kk,Bullet,1-0,Chebyschev,potsy,1695,1951,60+0,119,Normal,True,False,False,77,e5d7,56.74,-56.74,inf,True,,,,False,,False,1951,1695,False,False,16,12,0.733,0.8,True,8/7Q/2k5/1p2n3/4P3/5P2/PP2K1P1/8 b - - 0 39,1,1,1,0,0,0,11,0,0,5,1,0,10
42,xTQugwrI,Rapid,0-1,agepsta,weirdplayer,1673,1684,600+0,76,Normal,False,True,False,74,g3f5,-3.57,-3.57,3.46,True,0.3408,0.2541,0.1138,True,0.7168,True,1673,1684,False,False,363,263,0.395,0.562,False,5b1k/p6p/1p6/8/8/P1Pn2NP/1P4K1/8 w - - 0 38,0,1,4,0,0,0,16,1,1,3,0,0,12
43,NZDfeTGt,Rapid,0-1,Paraxx,nolle,1997,1965,600+5,70,Time forfeit,False,True,False,64,c6a4,-4.36,-4.36,2.98,True,0.3149,0.2001,0.0919,False,0.7375,True,1997,1965,False,False,16,343,0.979,0.557,True,4r1k1/5p1p/2Q2p2/8/2P4P/6P1/3pqP2/5RK1 w - - 0 33,0,0,4,1,1,0,32,0,0,4,1,1,14
44,KLPhoMyr,Blitz,0-1,Payam-Hamid,hye1,1555,1485,300+3,74,Normal,False,True,False,63,f6f5,2.82,-2.82,2.39,True,0.3621,0.2983,0.0778,False,0.7002,False,1485,1555,True,False,53,113,0.869,0.721,False,2b5/R7/5pp1/6k1/8/1P6/P3n1PP/7K b - - 0 32,2,1,2,0,0,0,20,0,0,4,0,1,11
45,KLPhoMyr,Blitz,0-1,Payam-Hamid,hye1,1555,1485,300+3,74,Normal,False,True,False,66,a2a3,5.37,5.37,2.53,True,0.7668,0.7273,0.0667,False,0.2812,True,1555,1485,False,False,113,47,0.721,0.884,False,8/R7/4b1p1/5pk1/1P6/8/P3n1PP/7K w - - 1 34,0,0,4,0,1,0,19,1,1,2,0,0,11
46,KLPhoMyr,Blitz,0-1,Payam-Hamid,hye1,1555,1485,300+3,74,Normal,False,True,False,70,b5b6,4.46,4.46,inf,True,0.7413,0.6976,,False,0.312,True,1555,1485,False,False,102,44,0.748,0.891,False,8/R7/6p1/1P1b2k1/5p2/P7/4n1PP/7K w - - 1 36,0,0,4,0,1,0,15,1,1,2,0,0,11
47,1OYcBC8I,Rapid,0-1,Alissonsk,kliper566,1080,1349,600+0,96,Normal,False,True,False,58,b2c3,-5.23,-5.23,3.48,True,0.2843,0.3211,0.097,False,0.7644,True,1080,1349,False,True,320,384,0.467,0.36,False,7k/5R1n/1p6/8/2p2P2/1bbr1BP1/1P2K2P/8 w - - 0 30,1,0,4,0,1,0,26,2,1,2,0,1,14
48,1OYcBC8I,Rapid,0-1,Alissonsk,kliper566,1080,1349,600+0,96,Normal,False,True,False,59,d3c3,-8.71,8.71,8.8,True,0.8386,0.7652,0.278,True,0.1873,False,1349,1080,True,True,383,320,0.362,0.467,False,7k/5R1n/1p6/8/2p2P2/1bPr1BP1/4K2P/8 b - - 0 30,2,1,2,0,1,0,19,1,0,4,0,1,13
49,1OYcBC8I,Rapid,0-1,Alissonsk,kliper566,1080,1349,600+0,96,Normal,False,True,False,60,f7e7,0.09,0.09,3.02,True,0.5606,0.4698,0.2014,True,0.5606,True,1080,1349,False,False,305,383,0.492,0.362,False,7k/5R1n/1p6/8/2p2P2/1br2BP1/4K2P/8 w - - 0 31,1,0,3,0,1,0,27,1,1,2,0,1,12
50,1OYcBC8I,Rapid,0-1,Alissonsk,kliper566,1080,1349,600+0,96,Normal,False,True,False,66,f4f5,-2.39,-2.39,4.53,True,0.3808,0.3774,0.153,True,0.6848,True,1080,1349,False,False,283,362,0.528,0.397,False,4R3/6kn/1p6/8/2p2P2/1b2KBP1/7r/8 w - - 2 34,1,0,2,0,1,0,26,1,1,2,0,1,11
51,1OYcBC8I,Rapid,0-1,Alissonsk,kliper566,1080,1349,600+0,96,Normal,False,True,False,68,f3e4,-6.6,-6.6,2.23,True,0.242,0.2918,0.0566,False,0.799,True,1080,1349,False,False,275,355,0.542,0.408,False,4R3/6kn/1p6/5P2/8/1bp1KBP1/7r/8 w - - 0 35,1,0,2,0,1,0,28,1,1,2,0,1,11
52,1OYcBC8I,Rapid,0-1,Alissonsk,kliper566,1080,1349,600+0,96,Normal,False,True,False,70,e8c8,-8.75,-8.75,18.64,True,0.1873,0.2514,,False,0.8386,True,1080,1349,False,False,257,352,0.572,0.413,False,4R3/6k1/1p3n2/5P2/4B3/1bp1K1P1/7r/8 w - - 2 36,1,0,2,0,1,0,25,1,1,2,0,1,11
53,1OYcBC8I,Rapid,0-1,Alissonsk,kliper566,1080,1349,600+0,96,Normal,False,True,False,71,f6e4,-27.39,27.39,5.34,True,,,,False,,False,1349,1080,True,True,351,257,0.415,0.572,False,2R5/6k1/1p3n2/5P2/4B3/1bp1K1P1/7r/8 b - - 3 36,2,1,2,0,1,0,36,1,0,2,0,1,11
54,1OYcBC8I,Rapid,0-1,Alissonsk,kliper566,1080,1349,600+0,96,Normal,False,True,False,72,e3e4,-22.05,-22.05,25.19,True,,,,False,,True,1080,1349,False,True,254,351,0.577,0.415,False,2R5/6k1/1p6/5P2/4n3/1bp1K1P1/7r/8 w - - 0 37,0,0,2,0,1,0,19,1,1,2,0,1,10
55,1OYcBC8I,Rapid,0-1,Alissonsk,kliper566,1080,1349,600+0,96,Normal,False,True,False,73,c3c2,-47.24,47.24,37.17,True,,,,False,,False,1349,1080,True,False,349,254,0.418,0.577,False,2R5/6k1/1p6/5P2/4K3/1bp3P1/7r/8 b - - 0 37,2,0,2,0,1,0,29,0,0,2,0,1,9
56,1OYcBC8I,Rapid,0-1,Alissonsk,kliper566,1080,1349,600+0,96,Normal,False,True,False,74,c8c7,-10.07,-10.07,46.02,True,0.1687,0.2359,,False,0.8518,True,1080,1349,False,False,246,349,0.59,0.418,False,2R5/6k1/1p6/5P2/4K3/1b4P1/2p4r/8 w - - 0 38,0,0,2,0,1,0,21,1,0,2,0,1,9
57,1OYcBC8I,Rapid,0-1,Alissonsk,kliper566,1080,1349,600+0,96,Normal,False,True,False,75,g7f6,-56.09,56.09,25.82,True,,,,False,,False,1349,1080,True,False,346,246,0.423,0.59,False,8/2R3k1/1p6/5P2/4K3/1b4P1/2p4r/8 b - - 1 38,2,0,2,0,1,1,6,0,0,2,0,1,9
58,1OYcBC8I,Rapid,0-1,Alissonsk,kliper566,1080,1349,600+0,96,Normal,False,True,False,76,c7c6,-30.27,-30.27,25.82,True,,,,False,,True,1080,1349,False,False,241,346,0.598,0.423,False,8/2R5/1p3k2/5P2/4K3/1b4P1/2p4r/8 w - - 2 39,0,0,2,0,1,0,19,1,0,2,0,1,9
59,1OYcBC8I,Rapid,0-1,Alissonsk,kliper566,1080,1349,600+0,96,Normal,False,True,False,77,f6g5,-56.09,56.09,37.88,True,,,,False,,False,1349,1080,True,False,344,241,0.427,0.598,False,8/8/1pR2k2/5P2/4K3/1b4P1/2p4r/8 b - - 3 39,2,0,2,0,1,1,5,0,0,2,0,1,9
60,1OYcBC8I,Rapid,0-1,Alissonsk,kliper566,1080,1349,600+0,96,Normal,False,True,False,78,c6g6,-18.21,-18.21,37.88,True,,,,False,,True,1080,1349,False,False,237,344,0.605,0.427,False,8/8/1pR5/5Pk1/4K3/1b4P1/2p4r/8 w - - 4 40,0,0,2,0,1,0,19,1,0,2,0,1,9
61,1OYcBC8I,Rapid,0-1,Alissonsk,kliper566,1080,1349,600+0,96,Normal,False,True,False,79,g5h5,-56.09,56.09,29.46,True,,,,False,,False,1349,1080,True,False,342,237,0.43,0.605,False,8/8/1p4R1/5Pk1/4K3/1b4P1/2p4r/8 b - - 5 40,2,0,2,0,1,1,1,0,0,2,0,1,9
62,1OYcBC8I,Rapid,0-1,Alissonsk,kliper566,1080,1349,600+0,96,Normal,False,True,False,80,g6c6,-26.63,-26.63,inf,True,,,,False,,True,1080,1349,False,False,216,342,0.64,0.43,False,8/8/1p4R1/5P1k/4K3/1b4P1/2p4r/8 w - - 6 41,0,0,2,0,1,0,18,1,0,2,0,1,9
63,1OYcBC8I,Rapid,0-1,Alissonsk,kliper566,1080,1349,600+0,96,Normal,False,True,False,81,h2h1,None,inf,inf,True,,,,False,,False,1349,1080,True,False,338,216,0.437,0.64,False,8/8/1pR5/5P1k/4K3/1b4P1/2p4r/8 b - - 7 41,2,0,2,0,1,0,21,0,0,2,0,1,9
64,1OYcBC8I,Rapid,0-1,Alissonsk,kliper566,1080,1349,600+0,96,Normal,False,True,False,82,f5f6,-65.39,-65.39,inf,True,,,,False,,True,1080,1349,False,False,185,338,0.692,0.437,False,8/8/1pR5/5P1k/4K3/1b4P1/2p5/7r w - - 8 42,0,0,2,0,1,0,20,1,0,2,0,1,9
65,JHccSm44,Blitz,0-1,Kinshuk,davutsagd,986,1067,180+2,79,Normal,False,True,False,70,b2e5,-8.7,-8.7,43.55,True,0.1873,0.2671,,False,0.8386,True,986,1067,False,False,15,78,0.94,0.688,True,4n1k1/p2p1p1p/1p2p1P1/8/5r2/8/PQ2K3/6r1 w - - 0 36,0,0,2,1,0,0,24,0,1,6,0,2,14
66,JHccSm44,Blitz,0-1,Kinshuk,davutsagd,986,1067,180+2,79,Normal,False,True,False,71,g1g2,-52.25,52.25,40.95,True,,,,False,,False,1067,986,True,False,33,15,0.868,0.94,False,4n1k1/p2p1p1p/1p2p1P1/4Q3/5r2/8/P3K3/6r1 b - - 1 36,1,1,6,0,2,0,40,0,0,2,1,0,14
67,JHccSm44,Blitz,0-1,Kinshuk,davutsagd,986,1067,180+2,79,Normal,False,True,False,73,f4h4,-12.96,12.96,4.16,True,,,,False,,False,1067,986,True,False,22,9,0.912,0.964,True,4n1k1/p2p1p1p/1p2p1P1/4Q3/5r2/4K3/P5r1/8 b - - 3 37,1,1,6,0,2,0,40,0,0,2,1,0,14
68,JHccSm44,Blitz,0-1,Kinshuk,davutsagd,986,1067,180+2,79,Normal,False,True,False,74,e5h5,-8.8,-8.8,inf,True,0.1854,0.2653,,False,0.8403,True,986,1067,False,False,11,22,0.956,0.912,True,4n1k1/p2p1p1p/1p2p1P1/4Q3/7r/4K3/P5r1/8 w - - 4 38,0,0,2,1,0,0,29,0,1,6,0,2,14
69,eHoiVzgc,Blitz,0-1,ivan_curkovic,Andrew12309,1279,1130,300+0,82,Normal,False,True,False,56,g2h2,-4.71,-4.71,2.03,True,0.3028,0.2923,0.0668,False,0.75,True,1279,1130,False,False,126,140,0.58,0.533,False,5k2/Q1p3p1/2q2rp1/8/8/6NP/PPP3K1/8 w - - 1 29,0,1,4,1,0,1,3,0,0,3,1,1,13
70,eHoiVzgc,Blitz,0-1,ivan_curkovic,Andrew12309,1279,1130,300+0,82,Normal,False,True,False,58,g3e2,-6.14,-6.14,inf,True,0.2575,0.2584,,False,0.7843,True,1279,1130,False,False,104,135,0.653,0.55,False,5k2/Q1p3p1/5rp1/8/8/6NP/PPq4K/8 w - - 0 30,0,1,3,1,0,1,4,0,0,3,1,1,12
71,xWKe2kZ8,Rapid,0-1,maksim855,semseddin2019,2176,2080,600+0,170,Time forfeit,False,True,False,129,c2f5,None,inf,inf,True,,,,False,,False,2080,2176,True,False,79,30,0.868,0.95,False,5Q2/8/k7/8/8/4P2P/2q5/1q2NK2 b - - 4 65,1,0,0,2,0,0,39,0,1,2,1,0,8
72,xWKe2kZ8,Rapid,0-1,maksim855,semseddin2019,2176,2080,600+0,170,Time forfeit,False,True,False,133,f5e4,-11.82,11.82,2.65,True,,,,False,,False,2080,2176,True,False,75,28,0.875,0.953,False,8/8/k7/5q2/8/4P2P/6K1/4N3 b - - 1 67,1,0,0,1,0,0,30,0,1,2,0,0,6
73,xWKe2kZ8,Rapid,0-1,maksim855,semseddin2019,2176,2080,600+0,170,Time forfeit,False,True,False,134,e1f3,-9.17,-9.17,inf,True,0.1789,0.1272,,False,0.8451,True,2176,2080,False,False,27,75,0.955,0.875,True,8/8/k7/8/4q3/4P2P/6K1/4N3 w - - 2 68,0,1,2,0,0,1,6,0,0,0,1,0,6
74,xWKe2kZ8,Rapid,0-1,maksim855,semseddin2019,2176,2080,600+0,170,Time forfeit,False,True,False,135,e4e3,None,inf,inf,True,,,,False,,False,2080,2176,True,True,74,27,0.877,0.955,False,8/8/k7/8/4q3/4PN1P/6K1/8 b - - 3 68,1,0,0,1,0,0,28,0,1,2,0,0,6
75,n6brqqWi,Blitz,1-0,Jp0195,veruzgar,1573,1573,180+0,83,Normal,True,False,False,79,g6g5,1.66,-1.66,3.36,True,0.4112,0.3369,0.1198,True,0.6594,False,1573,1573,False,False,26,31,0.856,0.828,True,r7/2p2p2/5Rk1/2Pr4/1P4N1/P6P/5P1P/5K2 b - - 1 40,1,0,2,0,2,1,4,0,1,6,0,1,14
76,n6brqqWi,Blitz,1-0,Jp0195,veruzgar,1573,1573,180+0,83,Normal,True,False,False,81,g5h5,4.57,-4.57,inf,True,0.3087,0.2432,,False,0.7467,False,1573,1573,False,False,20,29,0.889,0.839,True,r7/2p2p2/5R2/2Pr2k1/1P3PN1/P6P/7P/5K2 b - - 0 41,1,0,2,0,2,1,2,0,1,6,0,1,14
77,iwvR39rs,Rapid,1/2-1/2,Romdos,pliz_lemme_win,1557,1500,600+0,143,Time forfeit,False,False,True,65,b2a2,-1.01,1.01,3.39,True,0.6271,0.5603,0.2463,True,0.4457,False,1500,1557,False,True,225,299,0.625,0.502,False,8/p2bN1pk/3R2R1/8/2P5/4P3/Pr5r/6K1 b - - 1 33,2,0,2,0,2,0,35,0,1,3,0,2,13
78,iwvR39rs,Rapid,1/2-1/2,Romdos,pliz_lemme_win,1557,1500,600+0,143,Time forfeit,False,False,True,66,d6d1,2.38,2.38,5.39,True,0.6848,0.6248,0.3302,True,0.3808,True,1557,1500,False,False,274,225,0.543,0.625,False,8/p2bN1pk/3R2R1/8/2P5/4P3/r6r/6K1 w - - 0 34,0,1,2,0,2,0,27,1,0,2,0,2,12
79,iwvR39rs,Rapid,1/2-1/2,Romdos,pliz_lemme_win,1557,1500,600+0,143,Time forfeit,False,False,True,67,d7e8,-3.01,3.01,3.01,True,0.7048,0.6477,0.1441,True,0.3546,False,1500,1557,False,False,205,274,0.658,0.543,False,8/p2bN1pk/6R1/8/2P5/4P3/r6r/3R2K1 b - - 1 34,2,0,2,0,2,0,34,0,1,2,0,2,12
80,iwvR39rs,Rapid,1/2-1/2,Romdos,pliz_lemme_win,1557,1500,600+0,143,Time forfeit,False,False,True,80,f3e5,-2.03,-2.03,5.56,True,0.3914,0.3197,0.1716,True,0.6748,True,1557,1500,False,False,228,145,0.62,0.758,False,3R4/5kp1/6b1/8/p1P5/4PN1R/r3r3/6K1 w - - 6 41,0,1,2,0,2,0,33,1,0,2,0,2,12
81,iwvR39rs,Rapid,1/2-1/2,Romdos,pliz_lemme_win,1557,1500,600+0,143,Time forfeit,False,False,True,82,e5g6,-6.61,-6.61,inf,True,0.242,0.1876,,False,0.799,True,1557,1500,False,True,208,133,0.653,0.778,False,3R4/6p1/5kb1/4N3/p1P5/4P2R/r3r3/6K1 w - - 8 42,0,1,2,0,2,0,34,1,0,2,0,2,12
82,iwvR39rs,Rapid,1/2-1/2,Romdos,pliz_lemme_win,1557,1500,600+0,143,Time forfeit,False,False,True,83,e2g2,None,inf,inf,True,,,,False,,False,1500,1557,False,False,126,208,0.79,0.653,False,3R4/6p1/5kN1/8/p1P5/4P2R/r3r3/6K1 b - - 0 42,1,0,2,0,2,0,19,0,1,2,0,2,11
83,iwvR39rs,Rapid,1/2-1/2,Romdos,pliz_lemme_win,1557,1500,600+0,143,Time forfeit,False,False,True,89,e2d2,-0.08,0.08,7.1,True,0.5606,0.4597,0.3336,True,0.5606,False,1500,1557,False,False,112,197,0.813,0.672,False,3R4/6p1/5kN1/8/p1P5/4P2R/4r1r1/3K4 b - - 6 45,1,0,2,0,2,0,20,0,1,2,0,2,11
84,iwvR39rs,Rapid,1/2-1/2,Romdos,pliz_lemme_win,1557,1500,600+0,143,Time forfeit,False,False,True,91,g2g6,6.78,-6.78,43.17,True,0.2359,0.1831,,False,0.806,False,1500,1557,False,True,105,194,0.825,0.677,False,8/6p1/5kN1/8/p1P5/4P2R/3R2r1/3K4 b - - 0 46,1,0,2,0,1,0,15,0,1,2,0,2,10
85,iwvR39rs,Rapid,1/2-1/2,Romdos,pliz_lemme_win,1557,1500,600+0,143,Time forfeit,False,False,True,92,d2a2,49.95,49.95,43.28,True,,,,False,,True,1557,1500,False,False,185,105,0.692,0.825,False,8/6p1/5kr1/8/p1P5/4P2R/3R4/3K4 w - - 0 47,0,0,2,0,2,0,28,0,0,2,0,1,9
86,iwvR39rs,Rapid,1/2-1/2,Romdos,pliz_lemme_win,1557,1500,600+0,143,Time forfeit,False,False,True,94,d1d2,6.66,6.66,6.66,True,0.799,0.768,0.2384,True,0.242,True,1557,1500,False,False,179,101,0.702,0.832,False,8/6p1/5k2/8/p1P5/4P2R/R7/3K2r1 w - - 2 48,0,0,2,0,2,1,3,0,0,2,0,1,9
87,iwvR39rs,Rapid,1/2-1/2,Romdos,pliz_lemme_win,1557,1500,600+0,143,Time forfeit,False,False,True,110,h5h6,-1.65,-1.65,5.67,True,0.4112,0.3369,0.1882,True,0.6594,True,1557,1500,False,False,158,40,0.737,0.933,False,8/8/5k2/2r3pR/8/K3P3/8/8 w - - 0 56,0,0,1,0,1,0,14,0,0,1,0,1,6
88,Sw9QuQED,Bullet,1-0,Ali-Qurbanli,akgambit,1559,1620,60+0,73,Normal,True,False,False,66,c7e5,15.93,15.93,4.48,True,,,,False,,True,1559,1620,True,True,20,15,0.667,0.75,True,2r5/p1B3pk/7p/4rP2/2R5/1P5P/4N1P1/6K1 w - - 0 34,1,1,4,0,1,0,32,0,0,3,0,2,14
89,Sw9QuQED,Bullet,1-0,Ali-Qurbanli,akgambit,1559,1620,60+0,73,Normal,True,False,False,67,c8c4,11.45,-11.45,inf,True,,,,False,,False,1620,1559,False,True,13,20,0.783,0.667,True,2r5/p5pk/7p/4BP2/2R5/1P5P/4N1P1/6K1 b - - 0 34,1,0,3,0,1,0,18,1,1,4,0,1,13
90,Sw9QuQED,Bullet,1-0,Ali-Qurbanli,akgambit,1559,1620,60+0,73,Normal,True,False,False,68,b3c4,None,inf,inf,True,,,,False,,True,1559,1620,True,True,19,13,0.683,0.783,True,8/p5pk/7p/4BP2/2r5/1P5P/4N1P1/6K1 w - - 0 35,1,1,4,0,0,0,27,0,0,3,0,1,12
91,Sw9QuQED,Bullet,1-0,Ali-Qurbanli,akgambit,1559,1620,60+0,73,Normal,True,False,False,69,g7g6,57.8,-57.8,inf,True,,,,False,,False,1620,1559,False,False,13,19,0.783,0.683,True,8/p5pk/7p/4BP2/2P5/7P/4N1P1/6K1 b - - 0 35,1,0,3,0,0,0,7,1,1,4,0,0,11
92,iNkLpGnH,Blitz,1-0,oleksander_oq,DavidEspin,1668,1692,180+0,47,Normal,True,False,False,41,e6d5,-1.8,1.8,6.85,True,0.668,0.6031,0.3766,True,0.4007,False,1692,1668,False,False,150,131,0.167,0.272,False,3r2k1/pB3p1p/4b3/8/4N3/1P4P1/P4P1P/6K1 b - - 0 21,2,0,3,0,1,0,29,1,1,5,0,0,14
93,iNkLpGnH,Blitz,1-0,oleksander_oq,DavidEspin,1668,1692,180+0,47,Normal,True,False,False,43,d8d5,5.02,-5.02,3.03,True,0.2914,0.2094,0.0874,False,0.7597,False,1692,1668,False,True,149,129,0.172,0.283,False,3r2k1/p4p1p/8/3B4/4N3/1P4P1/P4P1P/6K1 b - - 0 22,1,0,3,0,1,0,15,1,1,5,0,0,13
94,oV8oVEhv,Blitz,0-1,alebois77,NKVDSHNIK,1517,1436,300+3,82,Normal,False,True,False,72,e3f4,1.3,1.3,5.52,True,0.6442,0.5811,0.3257,True,0.4301,True,1517,1436,False,False,11,59,0.973,0.854,True,6k1/1p3p2/5Qp1/7p/2B5/4KPP1/8/6q1 w - - 5 37,1,0,2,1,0,1,5,0,0,4,1,0,11
95,oV8oVEhv,Blitz,0-1,alebois77,NKVDSHNIK,1517,1436,300+3,82,Normal,False,True,False,74,f4e5,-3.78,-3.78,9.82,True,0.3337,0.2673,,False,0.7216,True,1517,1436,False,False,11,59,0.973,0.854,True,6k1/1p3p2/5Qp1/7p/2B2K2/5PP1/8/2q5 w - - 7 38,1,0,2,1,0,1,2,0,0,4,1,0,11
96,oV8oVEhv,Blitz,0-1,alebois77,NKVDSHNIK,1517,1436,300+3,82,Normal,False,True,False,75,c1c4,-13.6,13.6,9.42,True,,,,False,,False,1436,1517,True,True,58,11,0.857,0.973,False,6k1/1p3p2/5Qp1/4K2p/2B5/5PP1/8/2q5 b - - 8 38,1,0,4,1,0,0,23,1,0,2,1,0,11
97,oV8oVEhv,Blitz,0-1,alebois77,NKVDSHNIK,1517,1436,300+3,82,Normal,False,True,False,78,d8d4,-3.87,-3.87,49.5,True,0.3302,0.2651,,False,0.7258,True,1517,1436,False,False,12,57,0.97,0.859,True,3Q4/1p3pk1/6p1/4K2p/2q5/5PP1/8/8 w - - 2 40,0,0,2,1,0,0,24,0,0,4,1,0,10
98,oV8oVEhv,Blitz,0-1,alebois77,NKVDSHNIK,1517,1436,300+3,82,Normal,False,True,False,81,g7f6,-52.66,52.66,39.97,True,,,,False,,False,1436,1517,True,False,57,13,0.859,0.968,False,8/1p3pk1/6p1/7p/3K4/5PP1/8/8 b - - 0 41,1,0,4,0,0,0,12,0,0,2,0,0,8
99,iRWL6CZG,Blitz,1/2-1/2,jmoss,dylanvm,1336,1328,300+3,100,Normal,False,False,True,72,a3a4,-1.84,-1.84,8.01,True,0.4007,0.348,0.2301,True,0.668,True,1336,1328,False,False,258,263,0.363,0.351,False,8/5pp1/Kpk4p/8/8/P4P2/5P1P/8 w - - 3 37,0,0,4,0,0,0,5,0,0,4,0,0,10
100,iRWL6CZG,Blitz,1/2-1/2,jmoss,dylanvm,1336,1328,300+3,100,Normal,False,False,True,77,h6h5,-11.12,11.12,9.51,True,,,,False,,False,1328,1336,False,False,257,247,0.365,0.39,False,1K6/8/1pk4p/5pp1/P7/5P2/5P1P/8 b - - 1 39,1,0,4,0,0,0,8,0,0,4,0,0,10
101,iRWL6CZG,Blitz,1/2-1/2,jmoss,dylanvm,1336,1328,300+3,100,Normal,False,False,True,80,c8c7,-1.71,-1.71,6.63,True,0.4057,0.352,0.2121,True,0.6643,True,1336,1328,False,False,251,259,0.38,0.36,False,2K5/8/1p6/2k2ppp/P7/5P2/5P1P/8 w - - 2 41,0,0,4,0,0,0,9,0,0,4,0,0,10
102,iRWL6CZG,Blitz,1/2-1/2,jmoss,dylanvm,1336,1328,300+3,100,Normal,False,False,True,81,g5g4,-8.34,8.34,7.19,True,0.833,0.7546,0.2002,True,0.1936,False,1328,1336,False,False,259,251,0.36,0.38,False,8/2K5/1p6/2k2ppp/P7/5P2/5P1P/8 b - - 3 41,1,0,4,0,0,0,8,0,0,4,0,0,10
103,iRWL6CZG,Blitz,1/2-1/2,jmoss,dylanvm,1336,1328,300+3,100,Normal,False,False,True,82,f3g4,-1.15,-1.15,60.09,True,0.443,0.3786,,False,0.6328,True,1336,1328,False,True,252,259,0.378,0.36,False,8/2K5/1p6/2k2p1p/P5p1/5P2/5P1P/8 w - - 0 42,0,0,4,0,0,0,10,0,0,4,0,0,10
104,iRWL6CZG,Blitz,1/2-1/2,jmoss,dylanvm,1336,1328,300+3,100,Normal,False,False,True,89,h5h4,-61.34,61.34,45.26,True,,,,False,,False,1328,1336,False,False,264,250,0.348,0.383,False,8/2K5/1p6/k6p/P5p1/8/5P1P/8 b - - 5 45,1,0,3,0,0,0,6,0,0,3,0,0,8
105,iRWL6CZG,Blitz,1/2-1/2,jmoss,dylanvm,1336,1328,300+3,100,Normal,False,False,True,90,c7c6,-16.08,-16.08,45.26,True,,,,False,,True,1336,1328,False,False,251,264,0.38,0.348,False,8/2K5/1p6/k7/P5pp/8/5P1P/8 w - - 0 46,0,0,3,0,0,0,10,0,0,3,0,0,8
106,iRWL6CZG,Blitz,1/2-1/2,jmoss,dylanvm,1336,1328,300+3,100,Normal,False,False,True,93,a6a7,-61.14,61.14,61.14,True,,,,False,,False,1328,1336,False,False,265,232,0.346,0.427,False,8/2K5/kp6/8/P5pp/8/5P1P/8 b - - 3 47,1,0,3,0,0,0,5,0,0,3,0,0,8
107,iRWL6CZG,Blitz,1/2-1/2,jmoss,dylanvm,1336,1328,300+3,100,Normal,False,False,True,94,c7c6,0.0,0.0,61.14,True,0.5606,0.4563,,False,0.5606,True,1336,1328,False,False,234,265,0.422,0.346,False,8/k1K5/1p6/8/P5pp/8/5P1P/8 w - - 4 48,0,0,3,0,0,0,9,0,0,3,0,0,8
108,iRWL6CZG,Blitz,1/2-1/2,jmoss,dylanvm,1336,1328,300+3,100,Normal,False,False,True,99,a5a6,-60.42,60.42,60.42,True,,,,False,,False,1328,1336,False,False,271,238,0.331,0.412,False,8/8/1pK5/k7/P5pp/8/5P1P/8 b - - 9 50,1,0,3,0,0,0,6,0,0,3,0,0,8
109,ABiS7mM5,Blitz,0-1,ForFischer,ChessireCat,1436,1427,180+2,70,Normal,False,True,False,53,b8b2,-12.29,12.29,2.61,True,,,,False,,False,1427,1436,True,False,137,74,0.452,0.704,False,1rb2k2/2p5/p1pp4/4b1N1/6P1/5N1P/P7/7K b - - 0 27,3,0,4,0,1,0,30,0,2,3,0,0,14
110,ABiS7mM5,Blitz,0-1,ForFischer,ChessireCat,1436,1427,180+2,70,Normal,False,True,False,54,a2a4,-9.68,-9.68,2.52,True,0.1706,0.1481,,False,0.8511,True,1436,1427,False,False,66,137,0.736,0.452,False,2b2k2/2p5/p1pp4/4b1N1/6P1/5N1P/Pr6/7K w - - 1 28,0,2,3,0,0,0,15,2,0,4,0,1,14
111,ABiS7mM5,Blitz,0-1,ForFischer,ChessireCat,1436,1427,180+2,70,Normal,False,True,False,55,b2a2,-12.2,12.2,2.57,True,,,,False,,False,1427,1436,True,False,136,66,0.456,0.736,False,2b2k2/2p5/p1pp4/4b1N1/P5P1/5N1P/1r6/7K b - - 0 28,3,0,4,0,1,0,34,0,2,3,0,0,14
112,ABiS7mM5,Blitz,0-1,ForFischer,ChessireCat,1436,1427,180+2,70,Normal,False,True,False,58,h7g5,-10.55,-10.55,4.05,True,,,,False,,True,1436,1427,False,False,52,136,0.792,0.456,False,2b5/2p3kN/p1pp4/4b3/P5P1/5N1P/r7/7K w - - 3 30,0,2,3,0,0,0,15,2,0,4,0,1,14
113,ABiS7mM5,Blitz,0-1,ForFischer,ChessireCat,1436,1427,180+2,70,Normal,False,True,False,59,a2a4,-14.6,14.6,4.22,True,,,,False,,False,1427,1436,True,True,136,52,0.456,0.792,False,2b5/2p3k1/p1pp4/4b1N1/P5P1/5N1P/r7/7K b - - 4 30,3,0,4,0,1,0,32,0,2,3,0,0,14
114,ABiS7mM5,Blitz,0-1,ForFischer,ChessireCat,1436,1427,180+2,70,Normal,False,True,False,60,h1g2,-10.38,-10.38,5.07,True,,,,False,,True,1436,1427,False,False,49,136,0.804,0.456,False,2b5/2p3k1/p1pp4/4b1N1/r5P1/5N1P/8/7K w - - 0 31,0,2,2,0,0,0,14,2,0,4,0,1,13
115,ABiS7mM5,Blitz,0-1,ForFischer,ChessireCat,1436,1427,180+2,70,Normal,False,True,False,61,c8b7,-15.45,15.45,6.03,True,,,,False,,False,1427,1436,True,False,130,49,0.48,0.804,False,2b5/2p3k1/p1pp4/4b1N1/r5P1/5N1P/6K1/8 b - - 1 31,3,0,4,0,1,0,32,0,2,2,0,0,13
116,ABiS7mM5,Blitz,0-1,ForFischer,ChessireCat,1436,1427,180+2,70,Normal,False,True,False,64,e6c7,-10.87,-10.87,inf,True,,,,False,,True,1436,1427,False,True,44,129,0.824,0.484,False,8/1bp5/p1ppNk2/4b3/r5P1/5N1P/6K1/8 w - - 4 33,0,2,2,0,0,0,22,2,0,4,0,1,13
117,ABiS7mM5,Blitz,0-1,ForFischer,ChessireCat,1436,1427,180+2,70,Normal,False,True,False,65,c6c5,None,inf,inf,True,,,,False,,False,1427,1436,True,False,126,44,0.496,0.824,False,8/1bN5/p1pp1k2/4b3/r5P1/5N1P/6K1/8 b - - 0 33,3,0,3,0,1,0,26,0,2,2,0,0,12
118,ABiS7mM5,Blitz,0-1,ForFischer,ChessireCat,1436,1427,180+2,70,Normal,False,True,False,66,c7e8,-65.81,-65.81,inf,True,,,,False,,True,1436,1427,False,False,41,126,0.836,0.496,False,8/1bN5/p2p1k2/2p1b3/r5P1/5N1P/6K1/8 w - - 0 34,0,2,2,0,0,0,12,2,0,3,0,1,12
119,ABiS7mM5,Blitz,0-1,ForFischer,ChessireCat,1436,1427,180+2,70,Normal,False,True,False,67,f6e7,None,inf,inf,True,,,,False,,False,1427,1436,True,False,122,41,0.512,0.836,False,4N3/1b6/p2p1k2/2p1b3/r5P1/5N1P/6K1/8 b - - 1 34,3,0,3,0,1,1,4,0,2,2,0,0,12
120,ABiS7mM5,Blitz,0-1,ForFischer,ChessireCat,1436,1427,180+2,70,Normal,False,True,False,68,e8c7,-67.11,-67.11,inf,True,,,,False,,True,1436,1427,False,False,34,122,0.864,0.512,False,4N3/1b2k3/p2p4/2p1b3/r5P1/5N1P/6K1/8 w - - 2 35,0,2,2,0,0,0,10,2,0,3,0,1,12
121,ABiS7mM5,Blitz,0-1,ForFischer,ChessireCat,1436,1427,180+2,70,Normal,False,True,False,69,a4a3,None,inf,inf,True,,,,False,,False,1427,1436,True,False,117,34,0.532,0.864,False,8/1bN1k3/p2p4/2p1b3/r5P1/5N1P/6K1/8 b - - 3 35,3,0,3,0,1,0,34,0,2,2,0,0,12
122,3IIwUnL6,Blitz,1-0,Liverinsk,Aleksei43,1659,1704,180+0,71,Normal,True,False,False,65,d6e4,None,inf,inf,True,,,,False,,False,1704,1659,False,False,18,48,0.9,0.733,True,6rk/p2R4/3n2pP/3p4/2rP2P1/1K2P3/8/7R b - - 0 33,1,1,3,0,2,0,27,0,0,4,0,2,14
123,3IIwUnL6,Blitz,1-0,Liverinsk,Aleksei43,1659,1704,180+0,71,Normal,True,False,False,66,h6h7,-3.77,-3.77,inf,True,0.3337,0.2482,,False,0.7216,True,1659,1704,True,False,43,18,0.761,0.9,False,6rk/p2R4/6pP/3p4/2rPn1P1/1K2P3/8/7R w - - 1 34,0,0,4,0,2,0,26,0,1,3,0,2,14
124,3IIwUnL6,Blitz,1-0,Liverinsk,Aleksei43,1659,1704,180+0,71,Normal,True,False,False,67,g8g7,None,inf,inf,True,,,,False,,False,1704,1659,False,False,16,43,0.911,0.761,True,6rk/p2R3P/6p1/3p4/2rPn1P1/1K2P3/8/7R b - - 0 34,1,1,3,0,2,0,28,0,0,4,0,2,14
125,ZYu8poh4,Blitz,0-1,retardedplatypus123,whats_a_woman,2216,1991,180+0,101,Normal,False,True,False,65,g7g6,-2.0,2.0,2.0,True,0.6748,0.6572,0.1142,True,0.3914,False,1991,2216,True,False,51,48,0.717,0.733,False,2r2k2/6p1/1nB4p/2R2p2/1p6/1P4P1/5PKP/8 b - - 1 33,1,1,4,0,1,0,18,1,0,4,0,1,14
126,ZYu8poh4,Blitz,0-1,retardedplatypus123,whats_a_woman,2216,1991,180+0,101,Normal,False,True,False,66,g2f3,0.0,0.0,3.4,True,0.5606,0.4487,0.2176,True,0.5606,True,2216,1991,False,False,42,51,0.767,0.717,False,2r2k2/8/1nB3pp/2R2p2/1p6/1P4P1/5PKP/8 w - - 0 34,1,0,4,0,1,0,28,0,1,4,0,1,14
127,ZYu8poh4,Blitz,0-1,retardedplatypus123,whats_a_woman,2216,1991,180+0,101,Normal,False,True,False,68,f3f4,-3.17,-3.17,3.18,True,0.3524,0.2505,0.0985,False,0.7073,True,2216,1991,False,False,36,51,0.8,0.717,False,2r5/4k3/1nB3pp/2R2p2/1p6/1P3KP1/5P1P/8 w - - 2 35,1,0,4,0,1,0,24,0,1,4,0,1,14
128,ZYu8poh4,Blitz,0-1,retardedplatypus123,whats_a_woman,2216,1991,180+0,101,Normal,False,True,False,84,h2g2,-9.0,-9.0,11.67,True,0.18,0.1344,,False,0.8438,True,2216,1991,False,False,27,43,0.85,0.761,True,8/8/7p/3nkp2/1p5p/1r4P1/3R1P1K/8 w - - 0 43,0,0,2,0,1,0,16,0,1,4,0,1,11
129,ZYu8poh4,Blitz,0-1,retardedplatypus123,whats_a_woman,2216,1991,180+0,101,Normal,False,True,False,85,h4g3,-20.67,20.67,4.91,True,,,,False,,False,1991,2216,True,True,42,27,0.767,0.85,False,8/8/7p/3nkp2/1p5p/1r4P1/3R1PK1/8 b - - 1 43,1,1,4,0,1,0,23,0,0,2,0,1,11
130,ZYu8poh4,Blitz,0-1,retardedplatypus123,whats_a_woman,2216,1991,180+0,101,Normal,False,True,False,88,g2h2,-14.11,-14.11,inf,True,,,,False,,True,2216,1991,False,False,27,40,0.85,0.778,True,8/8/7p/4kp2/1p6/1r2n1P1/3R2K1/8 w - - 1 45,0,0,1,0,1,1,6,0,1,3,0,1,9
131,ZYu8poh4,Blitz,0-1,retardedplatypus123,whats_a_woman,2216,1991,180+0,101,Normal,False,True,False,89,e3g4,None,inf,inf,True,,,,False,,False,1991,2216,True,False,39,27,0.783,0.85,False,8/8/7p/4kp2/1p6/1r2n1P1/3R3K/8 b - - 2 45,1,1,3,0,1,0,17,0,0,1,0,1,9
132,ZYu8poh4,Blitz,0-1,retardedplatypus123,whats_a_woman,2216,1991,180+0,101,Normal,False,True,False,90,h2g2,-17.45,-17.45,2.7,True,,,,False,,True,2216,1991,False,False,25,39,0.861,0.783,True,8/8/7p/4kp2/1p4n1/1r4P1/3R3K/8 w - - 3 46,0,0,1,0,1,1,4,0,1,3,0,1,9
133,ZYu8poh4,Blitz,0-1,retardedplatypus123,whats_a_woman,2216,1991,180+0,101,Normal,False,True,False,91,b3e3,-20.15,20.15,4.58,True,,,,False,,False,1991,2216,True,False,38,25,0.789,0.861,False,8/8/7p/4kp2/1p4n1/1r4P1/3R2K1/8 b - - 4 46,1,1,3,0,1,0,17,0,0,1,0,1,9
134,ZYu8poh4,Blitz,0-1,retardedplatypus123,whats_a_woman,2216,1991,180+0,101,Normal,False,True,False,92,d2b2,-15.57,-15.57,inf,True,,,,False,,True,2216,1991,False,False,24,38,0.867,0.789,True,8/8/7p/4kp2/1p4n1/4r1P1/3R2K1/8 w - - 5 47,0,0,1,0,1,0,16,0,1,3,0,1,9
135,ZYu8poh4,Blitz,0-1,retardedplatypus123,whats_a_woman,2216,1991,180+0,101,Normal,False,True,False,93,b4b3,None,inf,inf,True,,,,False,,False,1991,2216,True,False,38,24,0.789,0.867,False,8/8/7p/4kp2/1p4n1/4r1P1/1R4K1/8 b - - 6 47,1,1,3,0,1,0,21,0,0,1,0,1,9
136,ZYu8poh4,Blitz,0-1,retardedplatypus123,whats_a_woman,2216,1991,180+0,101,Normal,False,True,False,94,g2h3,-57.23,-57.23,inf,True,,,,False,,True,2216,1991,False,False,22,38,0.878,0.789,True,8/8/7p/4kp2/6n1/1p2r1P1/1R4K1/8 w - - 0 48,0,0,1,0,1,0,11,0,1,3,0,1,9
137,6pPvtwf9,Rapid,1-0,MaryamGhorab,KEVINODOSonIG,1109,840,600+0,79,Normal,True,False,False,60,b1b8,66.44,66.44,4.36,True,,,,False,,True,1109,840,True,False,310,237,0.483,0.605,False,5k2/3b4/5p2/4Pn2/8/5N1P/P4PP1/1RR3K1 w - - 0 31,0,1,5,0,2,0,34,1,1,1,0,0,13
138,6pPvtwf9,Rapid,1-0,MaryamGhorab,KEVINODOSonIG,1109,840,600+0,79,Normal,True,False,False,61,f8g7,62.08,-62.08,inf,True,,,,False,,False,840,1109,False,False,234,310,0.61,0.483,False,1R3k2/3b4/5p2/4Pn2/8/5N1P/P4PP1/2R3K1 b - - 1 31,2,1,1,0,0,1,5,0,1,5,0,2,13
